"TTEST.ds00..Comparison","TTEST.ds00..ID","TTEST.ds00..UniprotAccession","TTEST.ds00.delta","TTEST.ds00.p"
"Comparison1","41_654_666","P11171",0.6999104397786962,0.0278
"Comparison1","ACHD_383_395","Q07001",0.6624169950995498,0.0723
"Comparison1","AKT1_170_182","P31749",-0.8640696761608861,0.259
"Comparison1","AKT1_309_321_C310S","P31749",0.8449107551754995,0.0305
"Comparison1","AKT1_320_332","P31749",0.9615821630258088,0.0259
"Comparison1","ANXA1_14_26","P04083",1.1046539047920678,0.0242
"Comparison1","ANXA2_17_29","P07355",0.5301414273350877,0.222
"Comparison1","ARAF_297_307","P10398",0.8451627272031894,0.0065
"Comparison1","ART_004_EAIYAAPFAKKKXC","NA",0.237210033133044,0.409
"Comparison1","B3AT_39_51","P02730",1.4205377437729645,0.00289
"Comparison1","BTLA_252_262","Q7Z6A9",0.4483503003624145,0.0287
"Comparison1","C1R_199_211","P00736",1.3904849023918109,0.0215
"Comparison1","CALM_93_105","P0DP23",2.8312658080173034,0.013
"Comparison1","CALM_95_107","P0DP23",0.9558034402962754,0.027
"Comparison1","CBL_693_705","P22681",1.3376913215464246,0.0155
"Comparison1","CD28_185_197","P10747",-1.042437764579124,0.545
"Comparison1","CD28_203_215","P10747",-0.10450367868711208,0.662
"Comparison1","CD3E_182_194","P07766",0.8828346779641549,0.0314
"Comparison1","CD3E_193_205","P07766",0.4708702061224237,0.0299
"Comparison1","CD3Z_105_117","P20963",1.1401459226139856,0.0197
"Comparison1","CD3Z_116_128","P20963",1.518219811353708,0.0197
"Comparison1","CD3Z_117_129","P20963",1.2187918085558733,0.0223
"Comparison1","CD3Z_135_147","P20963",1.0582910314945266,0.00349
"Comparison1","CD3Z_146_158","P20963",1.5416908568664427,0.0239
"Comparison1","CD3Z_147_159","P20963",5.127317164734947,0.000928
"Comparison1","CD3Z_77_89","P20963",0.8676169501311799,0.0206
"Comparison1","CD70_9_21_C17S","P32970",-0.18934272065966518,0.498
"Comparison1","CD79A_181_193","P11912",-1.2869677557088934,0.611
"Comparison1","CDK1_9_21","P06493",0.2900266361927599,0.0761
"Comparison1","CDK2_8_20","P24941",0.43228298588296177,0.129
"Comparison1","CDK4_11_23","P11802",0.6315395058292612,0.0243
"Comparison1","CDK7_157_169","P50613",-0.08279413309886596,0.744
"Comparison1","CRK_214_226","P46108",1.2435128580916466,0.0354
"Comparison1","CTNB1_79_91","P35222",1.169586594671328,0.0217
"Comparison1","DCX_67_79","O43602",0.11248067557598063,0.642
"Comparison1","DYR1A_212_224","Q13627",0.5683097194258186,0.175
"Comparison1","DYR1A_312_324","Q13627",0.3733544960973978,0.278
"Comparison1","EFS_246_258","O43281",0.7847490010175999,0.0209
"Comparison1","EGFR_1103_1115","P00533",0.9370529448331881,0.00685
"Comparison1","EGFR_1118_1130","P00533",1.4736368352742746,0.0436
"Comparison1","EGFR_1165_1177","P00533",1.2223160520816032,0.019
"Comparison1","EGFR_1190_1202","P00533",1.1640376750353578,0.0238
"Comparison1","ENOG_37_49","P09104",1.0646257501172123,0.00461
"Comparison1","EPHA1_774_786","P21709",0.918900790867589,0.0608
"Comparison1","EPHA2_765_777","P29317",0.8300218942416695,0.0562
"Comparison1","EPHA4_589_601","P54764",0.6794178431081033,0.0927
"Comparison1","EPHA7_607_619","Q15375",1.4308296611685858,0.00835
"Comparison1","EPHB1_771_783","P54762",0.9510442461929038,0.00587
"Comparison1","EPHB1_921_933","P54762",-0.14865702376886603,0.587
"Comparison1","EPHB4_583_595","P54760",0.5926179385487194,0.0222
"Comparison1","EPOR_361_373","P19235",0.8294315110663071,0.00528
"Comparison1","EPOR_419_431","P19235",0.8537366403786493,0.0235
"Comparison1","ERBB2_1241_1253","P04626",1.1561821547684676,0.00412
"Comparison1","ERBB2_870_882","P04626",1.3267838104194585,0.0385
"Comparison1","ERBB3_1283_1295","P21860",2.235171720502011,0.00274
"Comparison1","ERBB4_1181_1193","Q15303",1.8031738717789958,0.00845
"Comparison1","ERBB4_1277_1289","Q15303",1.2324391464000648,0.00791
"Comparison1","FABPH_13_25","P05413",4.308350276251878,0.0294
"Comparison1","FAK1_569_581","Q05397",0.6212596458737103,0.0185
"Comparison1","FAK2_572_584","Q14289",0.8307877444565541,0.0235
"Comparison1","FER_707_719","P16591",0.9945098108422474,0.0207
"Comparison1","FES_706_718","P07332",0.9832287101403647,0.0117
"Comparison1","FGFR1_761_773","P11362",1.2002669156894346,0.0184
"Comparison1","FGFR2_762_774","P21802",1.173482401359843,0.00622
"Comparison1","FGFR3_753_765","P22607",1.2345130814844119,0.00892
"Comparison1","FRK_380_392","P42685",0.8748633887336208,0.00969
"Comparison1","FYN_525_537","P06241",2.5019845427528553,0.00213
"Comparison1","GAB1_622_632","Q13480",1.4729355358751555,0.00121
"Comparison1","GAB2_638_648","Q9UQC2",1.684656809717569,0.0137
"Comparison1","GSK3B_210_222_C218S","P49841",0.2197995264582726,0.408
"Comparison1","HAVR2_257_267","Q8TDQ0",0.4985545219172831,0.0415
"Comparison1","INSR_1348_1360","P06213",1.0931671354977288,0.0495
"Comparison1","INSR_992_1004","P06213",1.2333783056596905,0.00866
"Comparison1","IRS1_890_902","P35568",0.9846845110532527,0.00497
"Comparison1","IRS2_626_638","Q9Y4H2",1.605353437366185,0.0117
"Comparison1","JAK1_1027_1039","P23458",0.987852361742517,0.00417
"Comparison1","JAK1_214_226","P23458",3.0074269646434826,0.124
"Comparison1","JAK2_1001_1013","O60674",2.2064135132957445,0.0106
"Comparison1","JAK2_563_577","O60674",1.1490473048908934,0.0274
"Comparison1","JAK3_974_986","P52333",0.8074652880647086,0.0114
"Comparison1","K2C6B_53_65","P04259",0.386609353760047,0.0845
"Comparison1","K2C8_425_437","P05787",0.7841978127769975,0.0126
"Comparison1","KIT_930_942_C942S","P10721",0.9836073323716938,0.0236
"Comparison1","KSYK_518_530","P43405",0.8366837705849264,0.0217
"Comparison1","LAT_194_206","O43561",1.5017616145478252,0.0167
"Comparison1","LAT_249_261","O43561",1.5142006281770453,0.00542
"Comparison1","LCK_387_399","P06239",0.8515723893421114,0.0349
"Comparison1","LYN_391_403","P07948",1.1242429688477342,0.0258
"Comparison1","LYN_501_512","P07948",1.6313873336490943,0.0119
"Comparison1","MAPK3_198_210_C203S","Q16644",0.7547103364276628,0.0631
"Comparison1","MBP_198_210","P02686",0.16947904514173118,0.551
"Comparison1","MBP_259_271","P02686",0.3882584113425711,0.12
"Comparison1","MBP_263_275","P02686",-0.7234737739779842,0.449
"Comparison1","MET_1227_1239","P08581",0.7394812490788336,0.0254
"Comparison1","MET_1228_1240","P08581",0.7090725698819522,0.0151
"Comparison1","MK01_180_192","P28482",0.42427002554637294,0.137
"Comparison1","MK01_200_209","P28482",-0.7874807993118083,0.222
"Comparison1","MK03_199_208","P27361",0.6094936770638135,0.0507
"Comparison1","MK07_212_224","Q13164",0.97998939171082,0.0111
"Comparison1","MK08_181_191","P45983",0.08708692349970626,0.731
"Comparison1","MK10_216_228","P53779",0.16676238383710817,0.3
"Comparison1","MK12_178_190","P53778",0.7908458563678895,0.0819
"Comparison1","MK12_180_189_M182B","P53778",0.5022831145251425,0.0958
"Comparison1","MK14_173_185","Q16539",1.3954855403991129,0.0195
"Comparison1","MK14_177_187","Q16539",0.9021129953154823,0.03
"Comparison1","MPZL1_236_246","O95297",0.7052846647272197,0.0174
"Comparison1","MUSK_548_560","O15146",0.48237411318113477,0.131
"Comparison1","NCF1_313_325","P14598",0.009369076073030058,0.957
"Comparison1","NTRK1_489_501","P04629",0.8438621565402586,0.144
"Comparison1","NTRK2_696_708","Q16620",0.6270811570827908,0.078
"Comparison1","ODBA_340_352_D340K","P12694",1.7201104258733997,0.0197
"Comparison1","ODPAT_291_303","P29803",3.311425198295331,0.0427
"Comparison1","P85A_600_612","P27986",1.284399093130851,0.0126
"Comparison1","PAXI_111_123","P49023",0.8393619750310979,0.00847
"Comparison1","PAXI_24_36","P49023",1.174942605463503,0.00269
"Comparison1","PDCD1_221_229_FS219_220KK","Q15116",0.9111369788316859,0.305
"Comparison1","PDPK1_2_14","O15530",1.1223292347468181,0.00449
"Comparison1","PDPK1_369_381","O15530",1.155614257584654,0.00397
"Comparison1","PECA1_706_718","P16284",0.5931583012441646,0.0281
"Comparison1","PECA1_708_718","P16284",0.6254522225645989,0.0142
"Comparison1","PGFRB_1002_1014","P09619",1.3107495397522264,0.00591
"Comparison1","PGFRB_1014_1028","P09619",1.1006060917020601,0.01
"Comparison1","PGFRB_572_584","P09619",1.185321402648034,0.00228
"Comparison1","PGFRB_709_721","P09619",1.1455231982827794,0.00817
"Comparison1","PGFRB_768_780","P09619",1.0894611177084546,0.00212
"Comparison1","PGFRB_771_783","P09619",1.333415699058997,0.00879
"Comparison1","PLCG1_1246_1258","P19174",1.6056156838164801,0.013
"Comparison1","PLCG1_764_776","P19174",1.0593619860351282,0.00152
"Comparison1","PLCG1_777_789","P19174",-0.5947029087671858,0.822
"Comparison1","PLCG2_1191_1203_C1200S","P16885",0.928146972148495,0.00246
"Comparison1","PP2AB_297_309","P62714",-0.029205102239292735,0.928
"Comparison1","PRGR_545_557","P06401",2.409631277753441,0.0384
"Comparison1","PRGR_786_798","P06401",1.0300108820083596,0.00832
"Comparison1","PRRX2_202_214","Q99811",0.7838163120011501,0.00495
"Comparison1","PTN11_539_551","Q06124",0.25078017943055375,0.245
"Comparison1","PTN11_541_551","Q06124",0.3200664307053218,0.165
"Comparison1","PTN11_57_67","Q06124",0.6946689357797027,0.00519
"Comparison1","PTN11_580_590","Q06124",1.1775789777591505,0.01
"Comparison1","PTN6_531_541","P29350",0.5208538312665087,0.0542
"Comparison1","PTN6_558_570","P29350",0.7557595846488123,0.0132
"Comparison1","RAF1_332_344","P04049",0.306026933006164,0.0411
"Comparison1","RASA1_453_465","P20936",0.6101278667723165,0.00314
"Comparison1","RBL2_99_111","Q08999",2.041787495045903,0.00231
"Comparison1","RB_804_816","P06400",0.07001903092173833,0.8
"Comparison1","RET_1022_1034","P07949",1.4244874915545704,0.00431
"Comparison1","RET_680_692","P07949",2.5958067133455835,0.0278
"Comparison1","RON_1346_1358","Q04912",1.03012917538065,0.0247
"Comparison1","SHC1_309_321","P29353",-0.44953523553214936,0.39
"Comparison1","SRC_524_536","P12931",2.623797451236026,0.0295
"Comparison1","STA5A_687_699","P42229",0.9598032863954704,0.423
"Comparison1","STAT3_698_710","P40763",0.8484713340648433,0.313
"Comparison1","STAT4_686_698","Q14765",0.4588295136062759,0.785
"Comparison1","STAT4_714_726","Q14765",1.968436749964205,0.00692
"Comparison1","TEC_512_524","P42680",0.8180892655806922,0.00526
"Comparison1","TIE2_986_998","Q02763",0.5839052222951704,0.207
"Comparison1","TYK2_1048_1060","P29597",0.8015837923036289,0.0217
"Comparison1","TYRO3_679_691","Q06418",0.21624123103638837,0.296
"Comparison1","VGFR1_1040_1052","P17948",1.1561750070449666,0.00928
"Comparison1","VGFR1_1049_1061","P17948",0.023268071632262632,0.974
"Comparison1","VGFR1_1162_1174","P17948",2.057913988452242,0.0188
"Comparison1","VGFR1_1206_1218","P17948",0.9378210754206933,0.00885
"Comparison1","VGFR1_1320_1332_C1320K/C1321K","P17948",1.4721585916632254,0.0014
"Comparison1","VGFR2_1046_1058","P35968",1.7223095377322677,0.00392
"Comparison1","VGFR2_1168_1180","P35968",0.9305551965293448,0.0258
"Comparison1","VGFR2_944_956","P35968",-0.05854479484058128,0.82
"Comparison1","VGFR2_989_1001","P35968",0.9119588619061663,0.00339
"Comparison1","VGFR3_1061_1073","P35916",1.1300591672929121,0.0275
"Comparison1","VINC_815_827","P18206",0.12078175911204347,0.639
"Comparison1","VISTA_260_270","Q9H7M9",-0.3220113911828699,0.181
"Comparison1","YES_420_432","P07947",0.9417274573381977,0.022
"Comparison1","ZAP70_313_325","P43403",1.2863468267796812,0.000855
"Comparison1","ZAP70_485_497","P43403",0.9479541178304096,0.00808
"Comparison1","ZBT16_621_633","Q05516",0.270249923898092,0.225
"Comparison2","41_654_666","P11171",0.8580650716790874,0.124
"Comparison2","ACHD_383_395","Q07001",1.364518676452544,0.0326
"Comparison2","AKT1_170_182","P31749",-2.0204556659397226,0.302
"Comparison2","AKT1_309_321_C310S","P31749",1.0480298923576505,0.0672
"Comparison2","AKT1_320_332","P31749",0.4638653726336255,0.382
"Comparison2","ANXA1_14_26","P04083",0.7809462671201448,0.099
"Comparison2","ANXA2_17_29","P07355",1.4987723917781457,0.0761
"Comparison2","ARAF_297_307","P10398",0.6454781151468847,0.198
"Comparison2","ART_004_EAIYAAPFAKKKXC","NA",0.9561962846652055,0.151
"Comparison2","B3AT_39_51","P02730",2.2165422999400706,0.107
"Comparison2","BTLA_252_262","Q7Z6A9",0.7719667415247455,0.104
"Comparison2","C1R_199_211","P00736",0.8292437745288819,0.123
"Comparison2","CALM_93_105","P0DP23",1.274483896805413,0.182
"Comparison2","CALM_95_107","P0DP23",0.8467359847641998,0.0615
"Comparison2","CBL_693_705","P22681",0.9806070794258517,0.0319
"Comparison2","CD28_185_197","P10747",0.29460182772746357,0.17
"Comparison2","CD28_203_215","P10747",0.19591695558302735,0.511
"Comparison2","CD3E_182_194","P07766",0.673179992375939,0.235
"Comparison2","CD3E_193_205","P07766",0.5411183205988017,0.313
"Comparison2","CD3Z_105_117","P20963",0.7919643598500077,0.25
"Comparison2","CD3Z_116_128","P20963",1.363169654086846,0.107
"Comparison2","CD3Z_117_129","P20963",1.066115383444191,0.215
"Comparison2","CD3Z_135_147","P20963",0.7063480962570345,0.212
"Comparison2","CD3Z_146_158","P20963",1.9795188528151693,0.00701
"Comparison2","CD3Z_147_159","P20963",2.1360166416827884,0.0384
"Comparison2","CD3Z_77_89","P20963",0.5983187351257016,0.156
"Comparison2","CD70_9_21_C17S","P32970",-0.2959323373688427,0.329
"Comparison2","CD79A_181_193","P11912",0.4088886215463816,0.542
"Comparison2","CDK1_9_21","P06493",1.0195271522115181,0.194
"Comparison2","CDK2_8_20","P24941",0.917676307198434,0.229
"Comparison2","CDK4_11_23","P11802",1.1530626715049914,0.166
"Comparison2","CDK7_157_169","P50613",0.14576677432763496,0.619
"Comparison2","CRK_214_226","P46108",1.0327825987007753,0.12
"Comparison2","CTNB1_79_91","P35222",0.747336561747793,0.201
"Comparison2","DCX_67_79","O43602",0.6322725947894341,0.172
"Comparison2","DYR1A_212_224","Q13627",1.1330426042233155,0.283
"Comparison2","DYR1A_312_324","Q13627",0.44635722610470197,0.408
"Comparison2","EFS_246_258","O43281",0.9620727891902412,0.287
"Comparison2","EGFR_1103_1115","P00533",1.1624139986121182,0.089
"Comparison2","EGFR_1118_1130","P00533",0.7028126100203238,0.424
"Comparison2","EGFR_1165_1177","P00533",0.13777554140064918,0.677
"Comparison2","EGFR_1190_1202","P00533",0.923556752551459,0.0585
"Comparison2","ENOG_37_49","P09104",0.6727193544670946,0.358
"Comparison2","EPHA1_774_786","P21709",0.7517970316715292,0.208
"Comparison2","EPHA2_765_777","P29317",0.9252452265963456,0.179
"Comparison2","EPHA4_589_601","P54764",0.4973119888537054,0.396
"Comparison2","EPHA7_607_619","Q15375",0.6534895974520847,0.225
"Comparison2","EPHB1_771_783","P54762",0.934261043152274,0.149
"Comparison2","EPHB1_921_933","P54762",0.2492958059323538,0.588
"Comparison2","EPHB4_583_595","P54760",0.9126718556097915,0.248
"Comparison2","EPOR_361_373","P19235",1.051304405211532,0.111
"Comparison2","EPOR_419_431","P19235",0.7554780534738175,0.266
"Comparison2","ERBB2_1241_1253","P04626",0.8330161033383021,0.154
"Comparison2","ERBB2_870_882","P04626",0.785192387664627,0.14
"Comparison2","ERBB3_1283_1295","P21860",0.5703688912969822,0.27
"Comparison2","ERBB4_1181_1193","Q15303",0.8417407354972273,0.122
"Comparison2","ERBB4_1277_1289","Q15303",0.6280134855083759,0.167
"Comparison2","FABPH_13_25","P05413",3.3380656155040453,0.0386
"Comparison2","FAK1_569_581","Q05397",0.7753369039319145,0.109
"Comparison2","FAK2_572_584","Q14289",0.5803498196503423,0.194
"Comparison2","FER_707_719","P16591",0.7425155733783075,0.251
"Comparison2","FES_706_718","P07332",0.8934333148187523,0.22
"Comparison2","FGFR1_761_773","P11362",0.7353429150427386,0.156
"Comparison2","FGFR2_762_774","P21802",0.6924188276617631,0.156
"Comparison2","FGFR3_753_765","P22607",0.8010780146751006,0.123
"Comparison2","FRK_380_392","P42685",0.8044358034415282,0.239
"Comparison2","FYN_525_537","P06241",1.451478794287123,0.0304
"Comparison2","GAB1_622_632","Q13480",0.5136397494582328,0.377
"Comparison2","GAB2_638_648","Q9UQC2",1.201816872212576,0.0823
"Comparison2","GSK3B_210_222_C218S","P49841",0.5875074725933018,0.158
"Comparison2","HAVR2_257_267","Q8TDQ0",0.9531359911803285,0.244
"Comparison2","INSR_1348_1360","P06213",0.42597591984945815,0.366
"Comparison2","INSR_992_1004","P06213",0.9314100707786643,0.107
"Comparison2","IRS1_890_902","P35568",0.8991175738649533,0.0742
"Comparison2","IRS2_626_638","Q9Y4H2",0.15732045921131466,0.69
"Comparison2","JAK1_1027_1039","P23458",0.9616933819907523,0.117
"Comparison2","JAK1_214_226","P23458",2.196087400877598,0.27
"Comparison2","JAK2_1001_1013","O60674",0.6668453157298035,0.191
"Comparison2","JAK2_563_577","O60674",0.9681204671878056,0.124
"Comparison2","JAK3_974_986","P52333",0.6650359422940664,0.228
"Comparison2","K2C6B_53_65","P04259",0.5847853379335426,0.215
"Comparison2","K2C8_425_437","P05787",0.5452500937771969,0.257
"Comparison2","KIT_930_942_C942S","P10721",0.7274857379825939,0.291
"Comparison2","KSYK_518_530","P43405",0.6131785731187582,0.216
"Comparison2","LAT_194_206","O43561",0.8603096756273905,0.0478
"Comparison2","LAT_249_261","O43561",0.4865993092621892,0.267
"Comparison2","LCK_387_399","P06239",0.8277071278386092,0.158
"Comparison2","LYN_391_403","P07948",0.6792227298943487,0.271
"Comparison2","LYN_501_512","P07948",0.7067497408297854,0.21
"Comparison2","MAPK3_198_210_C203S","Q16644",0.6942389721213802,0.235
"Comparison2","MBP_198_210","P02686",0.6387092655036186,0.16
"Comparison2","MBP_259_271","P02686",0.49853460029717134,0.297
"Comparison2","MBP_263_275","P02686",1.0005534180040083,0.179
"Comparison2","MET_1227_1239","P08581",0.9050668225883953,0.121
"Comparison2","MET_1228_1240","P08581",0.9017800342062658,0.172
"Comparison2","MK01_180_192","P28482",0.8414737166220796,0.188
"Comparison2","MK01_200_209","P28482",-0.615515276917749,0.744
"Comparison2","MK03_199_208","P27361",0.9504687595875536,0.0724
"Comparison2","MK07_212_224","Q13164",0.9951251784937387,0.145
"Comparison2","MK08_181_191","P45983",0.48323887931121856,0.162
"Comparison2","MK10_216_228","P53779",0.5758503467377878,0.16
"Comparison2","MK12_178_190","P53778",0.7873483935215368,0.188
"Comparison2","MK12_180_189_M182B","P53778",0.5866833092980723,0.183
"Comparison2","MK14_173_185","Q16539",1.076002169097137,0.129
"Comparison2","MK14_177_187","Q16539",0.7768919463210961,0.124
"Comparison2","MPZL1_236_246","O95297",0.9386130539764945,0.174
"Comparison2","MUSK_548_560","O15146",0.40250496655970647,0.442
"Comparison2","NCF1_313_325","P14598",-0.012387977696954877,0.957
"Comparison2","NTRK1_489_501","P04629",0.19434183098292568,0.684
"Comparison2","NTRK2_696_708","Q16620",0.8023476194872723,0.136
"Comparison2","ODBA_340_352_D340K","P12694",1.0468020373928217,0.131
"Comparison2","ODPAT_291_303","P29803",0.8824902462174506,0.297
"Comparison2","P85A_600_612","P27986",0.790099607443171,0.282
"Comparison2","PAXI_111_123","P49023",0.8246785158376966,0.264
"Comparison2","PAXI_24_36","P49023",0.5066675728894925,0.427
"Comparison2","PDCD1_221_229_FS219_220KK","Q15116",1.0321689456285297,0.0637
"Comparison2","PDPK1_2_14","O15530",0.6267391583252806,0.258
"Comparison2","PDPK1_369_381","O15530",0.8372516258020557,0.188
"Comparison2","PECA1_706_718","P16284",1.020698655239423,0.16
"Comparison2","PECA1_708_718","P16284",0.9258159526144976,0.208
"Comparison2","PGFRB_1002_1014","P09619",0.7194714722048428,0.223
"Comparison2","PGFRB_1014_1028","P09619",0.8866857363131544,0.179
"Comparison2","PGFRB_572_584","P09619",0.7841414446701442,0.19
"Comparison2","PGFRB_709_721","P09619",0.7156187933253921,0.195
"Comparison2","PGFRB_768_780","P09619",0.7047792573180693,0.161
"Comparison2","PGFRB_771_783","P09619",0.7180691317122916,0.195
"Comparison2","PLCG1_1246_1258","P19174",0.6326492022836492,0.1
"Comparison2","PLCG1_764_776","P19174",0.7146296765179105,0.278
"Comparison2","PLCG1_777_789","P19174",1.087112328397224,0.315
"Comparison2","PLCG2_1191_1203_C1200S","P16885",0.7244198462666454,0.19
"Comparison2","PP2AB_297_309","P62714",0.4524889999682671,0.239
"Comparison2","PRGR_545_557","P06401",1.1252472760909376,0.0583
"Comparison2","PRGR_786_798","P06401",1.044927851029029,0.104
"Comparison2","PRRX2_202_214","Q99811",0.762865208944806,0.19
"Comparison2","PTN11_539_551","Q06124",0.4552864214421293,0.338
"Comparison2","PTN11_541_551","Q06124",0.16993806495246577,0.629
"Comparison2","PTN11_57_67","Q06124",0.5496428769634143,0.364
"Comparison2","PTN11_580_590","Q06124",0.7224621255613144,0.121
"Comparison2","PTN6_531_541","P29350",0.9142030636187268,0.289
"Comparison2","PTN6_558_570","P29350",0.9046858464546457,0.189
"Comparison2","RAF1_332_344","P04049",0.6215726092212908,0.163
"Comparison2","RASA1_453_465","P20936",0.7145649933333313,0.199
"Comparison2","RBL2_99_111","Q08999",0.9469571582782121,0.125
"Comparison2","RB_804_816","P06400",0.7370029871003005,0.16
"Comparison2","RET_1022_1034","P07949",0.5324108982489264,0.354
"Comparison2","RET_680_692","P07949",2.4899241588968968,0.0511
"Comparison2","RON_1346_1358","Q04912",0.9136732858670715,0.138
"Comparison2","SHC1_309_321","P29353",-0.9934199998701194,0.225
"Comparison2","SRC_524_536","P12931",1.1341782424933413,0.105
"Comparison2","STA5A_687_699","P42229",2.2352620137711354,0.161
"Comparison2","STAT3_698_710","P40763",1.1528765145747344,0.122
"Comparison2","STAT4_686_698","Q14765",1.2285713586155813,0.254
"Comparison2","STAT4_714_726","Q14765",1.1609430651004047,0.089
"Comparison2","TEC_512_524","P42680",0.7514055937084541,0.117
"Comparison2","TIE2_986_998","Q02763",1.2539151859291144,0.135
"Comparison2","TYK2_1048_1060","P29597",0.6145310999809519,0.144
"Comparison2","TYRO3_679_691","Q06418",0.4316041205176493,0.316
"Comparison2","VGFR1_1040_1052","P17948",0.819890277882652,0.186
"Comparison2","VGFR1_1049_1061","P17948",0.12200127778388037,0.949
"Comparison2","VGFR1_1162_1174","P17948",0.8884684140253514,0.281
"Comparison2","VGFR1_1206_1218","P17948",0.7989177206851155,0.11
"Comparison2","VGFR1_1320_1332_C1320K/C1321K","P17948",0.47733709583696005,0.453
"Comparison2","VGFR2_1046_1058","P35968",0.730190222081049,0.134
"Comparison2","VGFR2_1168_1180","P35968",0.9558385975063635,0.051
"Comparison2","VGFR2_944_956","P35968",0.11874985379207814,0.734
"Comparison2","VGFR2_989_1001","P35968",0.796849639828741,0.167
"Comparison2","VGFR3_1061_1073","P35916",0.5912738965231448,0.216
"Comparison2","VINC_815_827","P18206",0.7033141924090307,0.197
"Comparison2","VISTA_260_270","Q9H7M9",-0.08567393582295857,0.728
"Comparison2","YES_420_432","P07947",0.9429303865647398,0.106
"Comparison2","ZAP70_313_325","P43403",0.3484414639959663,0.493
"Comparison2","ZAP70_485_497","P43403",0.6329799147335073,0.268
"Comparison2","ZBT16_621_633","Q05516",0.49365093733447285,0.288
